/*!40101 SET @OLD_CHARACTER_SET_CLIENT=@@CHARACTER_SET_CLIENT */;
/*!40101 SET @OLD_CHARACTER_SET_RESULTS=@@CHARACTER_SET_RESULTS */;
/*!40101 SET @OLD_COLLATION_CONNECTION=@@COLLATION_CONNECTION */;
/*!40101 SET NAMES utf8mb4 */;
/*!40014 SET @OLD_UNIQUE_CHECKS=@@UNIQUE_CHECKS, UNIQUE_CHECKS=0 */;
/*!40014 SET @OLD_FOREIGN_KEY_CHECKS=@@FOREIGN_KEY_CHECKS, FOREIGN_KEY_CHECKS=0 */;
/*!40101 SET @OLD_SQL_MODE=@@SQL_MODE, SQL_MODE='NO_AUTO_VALUE_ON_ZERO' */;
/*!40111 SET @OLD_SQL_NOTES=@@SQL_NOTES, SQL_NOTES=0 */;

DROP TABLE IF EXISTS `admin_activities`;
CREATE TABLE `admin_activities` (
  `id` bigint unsigned NOT NULL AUTO_INCREMENT,
  `admin_id` bigint unsigned NOT NULL,
  `action` varchar(255) COLLATE utf8mb4_unicode_ci NOT NULL,
  `model` varchar(255) COLLATE utf8mb4_unicode_ci DEFAULT NULL,
  `description` text COLLATE utf8mb4_unicode_ci,
  `created_at` timestamp NULL DEFAULT NULL,
  `updated_at` timestamp NULL DEFAULT NULL,
  PRIMARY KEY (`id`),
  KEY `admin_activities_admin_id_foreign` (`admin_id`),
  CONSTRAINT `admin_activities_admin_id_foreign` FOREIGN KEY (`admin_id`) REFERENCES `users` (`id`) ON DELETE CASCADE
) ENGINE=InnoDB AUTO_INCREMENT=101 DEFAULT CHARSET=utf8mb4 COLLATE=utf8mb4_unicode_ci;

INSERT INTO `admin_activities` (`id`, `admin_id`, `action`, `model`, `description`, `created_at`, `updated_at`) VALUES
(1, 4, 'Logout', 'Authentication', 'Admin logout dari sistem', '2026-02-11 16:53:05', '2026-02-11 16:53:05'),
(2, 4, 'Login', 'Authentication', 'Admin berhasil login ke sistem', '2026-02-11 16:53:19', '2026-02-11 16:53:19'),
(3, 4, 'Login', 'Authentication', 'Admin berhasil login ke sistem', '2026-02-11 21:01:23', '2026-02-11 21:01:23'),
(4, 4, 'Login', 'Authentication', 'Admin berhasil login ke sistem', '2026-02-11 23:42:03', '2026-02-11 23:42:03'),
(5, 4, 'Logout', 'Authentication', 'Admin logout dari sistem', '2026-02-12 00:26:42', '2026-02-12 00:26:42'),
(6, 5, 'Login', 'Authentication', 'Petugas berhasil login ke sistem', '2026-02-12 00:33:09', '2026-02-12 00:33:09'),
(7, 5, 'Logout', 'Authentication', 'Petugas logout dari sistem', '2026-02-12 00:33:51', '2026-02-12 00:33:51'),
(8, 6, 'Login', 'Authentication', 'Peminjam berhasil login ke sistem', '2026-02-12 00:33:58', '2026-02-12 00:33:58'),
(9, 6, 'Logout', 'Authentication', 'Peminjam logout dari sistem', '2026-02-12 00:39:49', '2026-02-12 00:39:49'),
(10, 5, 'Login', 'Authentication', 'Petugas berhasil login ke sistem', '2026-02-12 00:39:55', '2026-02-12 00:39:55'),
(11, 5, 'Logout', 'Authentication', 'Petugas logout dari sistem', '2026-02-12 00:41:21', '2026-02-12 00:41:21'),
(12, 4, 'Login', 'Authentication', 'Admin berhasil login ke sistem', '2026-02-12 00:41:28', '2026-02-12 00:41:28'),
(13, 4, 'Logout', 'Authentication', 'Admin logout dari sistem', '2026-02-12 01:38:22', '2026-02-12 01:38:22'),
(14, 5, 'Login', 'Authentication', 'Petugas berhasil login ke sistem', '2026-02-12 01:42:49', '2026-02-12 01:42:49'),
(15, 5, 'Logout', 'Authentication', 'Petugas logout dari sistem', '2026-02-12 01:45:03', '2026-02-12 01:45:03'),
(16, 4, 'Login', 'Authentication', 'Admin berhasil login ke sistem', '2026-02-12 01:45:08', '2026-02-12 01:45:08'),
(17, 4, 'Logout', 'Authentication', 'Admin logout dari sistem', '2026-02-12 01:52:50', '2026-02-12 01:52:50'),
(18, 4, 'Login', 'Authentication', 'Admin berhasil login ke sistem', '2026-02-12 02:21:38', '2026-02-12 02:21:38'),
(19, 4, 'Logout', 'Authentication', 'Admin logout dari sistem', '2026-02-12 03:04:04', '2026-02-12 03:04:04'),
(20, 4, 'Login', 'Authentication', 'Admin berhasil login ke sistem', '2026-02-12 03:05:05', '2026-02-12 03:05:05'),
(21, 4, 'Logout', 'Authentication', 'Admin logout dari sistem', '2026-02-12 03:09:56', '2026-02-12 03:09:56'),
(22, 5, 'Login', 'Authentication', 'Petugas berhasil login ke sistem', '2026-02-12 03:10:02', '2026-02-12 03:10:02'),
(23, 5, 'Logout', 'Authentication', 'Petugas logout dari sistem', '2026-02-12 03:13:06', '2026-02-12 03:13:06'),
(24, 4, 'Login', 'Authentication', 'Admin berhasil login ke sistem', '2026-02-12 03:13:13', '2026-02-12 03:13:13'),
(25, 4, 'Logout', 'Authentication', 'Admin logout dari sistem', '2026-02-12 03:15:38', '2026-02-12 03:15:38'),
(26, 5, 'Login', 'Authentication', 'Petugas berhasil login ke sistem', '2026-02-12 03:15:44', '2026-02-12 03:15:44'),
(27, 5, 'Logout', 'Authentication', 'Petugas logout dari sistem', '2026-02-12 03:16:14', '2026-02-12 03:16:14'),
(28, 4, 'Login', 'Authentication', 'Admin berhasil login ke sistem', '2026-02-12 03:24:11', '2026-02-12 03:24:11'),
(29, 4, 'Login', 'Authentication', 'Admin berhasil login ke sistem', '2026-03-12 12:50:20', '2026-03-12 12:50:20'),
(30, 4, 'Login', 'Authentication', 'Admin berhasil login ke sistem', '2026-03-19 00:15:18', '2026-03-19 00:15:18'),
(31, 4, 'Login', 'Authentication', 'Admin berhasil login ke sistem', '2026-03-19 04:02:28', '2026-03-19 04:02:28'),
(32, 4, 'Login', 'Authentication', 'Admin berhasil login ke sistem', '2026-03-19 07:37:29', '2026-03-19 07:37:29'),
(33, 4, 'Login', 'Authentication', 'Admin berhasil login ke sistem', '2026-03-20 07:28:34', '2026-03-20 07:28:34'),
(34, 4, 'Logout', 'Authentication', 'Admin logout dari sistem', '2026-03-20 07:28:51', '2026-03-20 07:28:51'),
(35, 6, 'Login', 'Authentication', 'Peminjam berhasil login ke sistem', '2026-03-20 07:28:58', '2026-03-20 07:28:58'),
(36, 6, 'Login', 'Authentication', 'Peminjam berhasil login ke sistem', '2026-03-20 15:35:29', '2026-03-20 15:35:29'),
(37, 6, 'Login', 'Authentication', 'Peminjam berhasil login ke sistem', '2026-03-22 14:18:15', '2026-03-22 14:18:15'),
(38, 4, 'Login', 'Authentication', 'Admin berhasil login ke sistem', '2026-03-23 16:20:28', '2026-03-23 16:20:28'),
(39, 4, 'Logout', 'Authentication', 'Admin logout dari sistem', '2026-03-23 16:31:20', '2026-03-23 16:31:20'),
(40, 6, 'Login', 'Authentication', 'Peminjam berhasil login ke sistem', '2026-03-23 16:31:35', '2026-03-23 16:31:35'),
(41, 6, 'Login', 'Authentication', 'Peminjam berhasil login ke sistem', '2026-03-24 13:29:52', '2026-03-24 13:29:52'),
(42, 6, 'Logout', 'Authentication', 'Peminjam logout dari sistem', '2026-03-24 13:48:45', '2026-03-24 13:48:45'),
(43, 5, 'Login', 'Authentication', 'Petugas berhasil login ke sistem', '2026-03-24 13:48:57', '2026-03-24 13:48:57'),
(44, 5, 'Logout', 'Authentication', 'Petugas logout dari sistem', '2026-03-24 15:50:03', '2026-03-24 15:50:03'),
(45, 4, 'Login', 'Authentication', 'Admin berhasil login ke sistem', '2026-03-24 15:50:10', '2026-03-24 15:50:10'),
(46, 4, 'Logout', 'Authentication', 'Admin logout dari sistem', '2026-03-24 15:52:54', '2026-03-24 15:52:54'),
(47, 5, 'Login', 'Authentication', 'Petugas berhasil login ke sistem', '2026-03-24 15:53:01', '2026-03-24 15:53:01'),
(48, 5, 'Logout', 'Authentication', 'Petugas logout dari sistem', '2026-03-24 17:38:35', '2026-03-24 17:38:35'),
(49, 4, 'Login', 'Authentication', 'Admin berhasil login ke sistem', '2026-03-24 17:38:42', '2026-03-24 17:38:42'),
(50, 4, 'Logout', 'Authentication', 'Admin logout dari sistem', '2026-03-24 17:39:48', '2026-03-24 17:39:48'),
(51, 6, 'Login', 'Authentication', 'Peminjam berhasil login ke sistem', '2026-03-24 17:39:57', '2026-03-24 17:39:57'),
(52, 6, 'Logout', 'Authentication', 'Peminjam logout dari sistem', '2026-03-24 17:45:20', '2026-03-24 17:45:20'),
(53, 5, 'Login', 'Authentication', 'Petugas berhasil login ke sistem', '2026-03-24 17:45:27', '2026-03-24 17:45:27'),
(54, 5, 'Login', 'Authentication', 'Petugas berhasil login ke sistem', '2026-03-25 05:39:38', '2026-03-25 05:39:38'),
(55, 5, 'Logout', 'Authentication', 'Petugas logout dari sistem', '2026-03-25 05:48:50', '2026-03-25 05:48:50'),
(56, 4, 'Login', 'Authentication', 'Admin berhasil login ke sistem', '2026-03-25 05:48:57', '2026-03-25 05:48:57'),
(57, 4, 'Logout', 'Authentication', 'Admin logout dari sistem', '2026-03-25 05:52:33', '2026-03-25 05:52:33'),
(58, 5, 'Login', 'Authentication', 'Petugas berhasil login ke sistem', '2026-03-25 05:52:40', '2026-03-25 05:52:40'),
(59, 4, 'login', 'auth', 'Admin berhasil login ke sistem', '2026-03-25 15:47:45', '2026-03-25 15:47:45'),
(60, 4, 'login', 'auth', 'Admin berhasil login ke sistem', '2026-03-25 21:21:29', '2026-03-25 21:21:29'),
(61, 4, 'logout', 'auth', 'Admin logout dari sistem', '2026-03-25 21:41:47', '2026-03-25 21:41:47'),
(62, 4, 'login', 'auth', 'Admin berhasil login ke sistem', '2026-04-05 13:31:05', '2026-04-05 13:31:05'),
(63, 4, 'login', 'auth', 'Admin berhasil login ke sistem', '2026-04-05 14:26:44', '2026-04-05 14:26:44'),
(64, 4, 'logout', 'auth', 'Admin logout dari sistem', '2026-04-05 14:33:26', '2026-04-05 14:33:26'),
(65, 4, 'login', 'auth', 'Admin berhasil login ke sistem', '2026-04-05 15:03:37', '2026-04-05 15:03:37'),
(66, 4, 'login', 'auth', 'Admin berhasil login ke sistem', '2026-04-06 00:50:06', '2026-04-06 00:50:06'),
(67, 4, 'logout', 'auth', 'Admin logout dari sistem', '2026-04-06 02:07:59', '2026-04-06 02:07:59'),
(68, 4, 'login', 'auth', 'Admin berhasil login ke sistem', '2026-04-06 02:08:42', '2026-04-06 02:08:42'),
(69, 4, 'logout', 'auth', 'Admin logout dari sistem', '2026-04-06 02:18:20', '2026-04-06 02:18:20'),
(70, 4, 'login', 'auth', 'Admin berhasil login ke sistem', '2026-04-06 12:40:05', '2026-04-06 12:40:05'),
(71, 4, 'logout', 'auth', 'Admin logout dari sistem', '2026-04-06 20:54:54', '2026-04-06 20:54:54'),
(72, 4, 'login', 'auth', 'Admin berhasil login ke sistem', '2026-04-06 20:55:10', '2026-04-06 20:55:10'),
(73, 4, 'logout', 'auth', 'Admin logout dari sistem', '2026-04-06 20:58:27', '2026-04-06 20:58:27'),
(74, 4, 'login', 'auth', 'Admin berhasil login ke sistem', '2026-04-06 22:24:26', '2026-04-06 22:24:26'),
(75, 4, 'logout', 'auth', 'Admin logout dari sistem', '2026-04-06 23:11:57', '2026-04-06 23:11:57'),
(76, 4, 'login', 'auth', 'Admin berhasil login ke sistem', '2026-04-07 07:37:25', '2026-04-07 07:37:25'),
(77, 4, 'logout', 'auth', 'Admin logout dari sistem', '2026-04-07 07:58:07', '2026-04-07 07:58:07'),
(78, 4, 'login', 'auth', 'Admin berhasil login ke sistem', '2026-04-07 08:12:38', '2026-04-07 08:12:38'),
(79, 4, 'logout', 'auth', 'Admin logout dari sistem', '2026-04-07 08:12:59', '2026-04-07 08:12:59'),
(80, 4, 'login', 'auth', 'Admin berhasil login ke sistem', '2026-04-07 08:32:54', '2026-04-07 08:32:54'),
(81, 4, 'logout', 'auth', 'Admin logout dari sistem', '2026-04-07 09:42:19', '2026-04-07 09:42:19'),
(82, 4, 'login', 'auth', 'Admin berhasil login ke sistem', '2026-04-07 09:44:23', '2026-04-07 09:44:23'),
(83, 4, 'logout', 'auth', 'Admin logout dari sistem', '2026-04-07 09:50:51', '2026-04-07 09:50:51'),
(84, 4, 'login', 'auth', 'Admin berhasil login ke sistem', '2026-04-07 10:40:47', '2026-04-07 10:40:47'),
(85, 4, 'logout', 'auth', 'Admin logout dari sistem', '2026-04-07 10:41:19', '2026-04-07 10:41:19'),
(86, 4, 'login', 'auth', 'Admin berhasil login ke sistem', '2026-04-07 17:40:28', '2026-04-07 17:40:28'),
(87, 4, 'logout', 'auth', 'Admin logout dari sistem', '2026-04-07 17:43:12', '2026-04-07 17:43:12'),
(88, 4, 'login', 'auth', 'Admin berhasil login ke sistem', '2026-04-07 18:49:28', '2026-04-07 18:49:28'),
(89, 4, 'logout', 'auth', 'Admin logout dari sistem', '2026-04-07 18:52:20', '2026-04-07 18:52:20'),
(90, 4, 'login', 'auth', 'Admin berhasil login ke sistem', '2026-04-08 06:48:52', '2026-04-08 06:48:52'),
(91, 4, 'login', 'auth', 'Admin berhasil login ke sistem', '2026-04-08 19:01:21', '2026-04-08 19:01:21'),
(92, 4, 'login', 'auth', 'Admin berhasil login ke sistem', '2026-04-16 09:44:20', '2026-04-16 09:44:20'),
(93, 4, 'login', 'auth', 'Admin berhasil login ke sistem', '2026-04-17 20:42:40', '2026-04-17 20:42:40'),
(94, 4, 'logout', 'auth', 'Admin logout dari sistem', '2026-04-17 20:52:40', '2026-04-17 20:52:40'),
(95, 4, 'login', 'auth', 'Admin berhasil login ke sistem', '2026-04-17 21:02:53', '2026-04-17 21:02:53'),
(96, 4, 'logout', 'auth', 'Admin logout dari sistem', '2026-04-17 21:18:37', '2026-04-17 21:18:37'),
(97, 4, 'login', 'auth', 'Admin berhasil login ke sistem', '2026-04-17 21:38:09', '2026-04-17 21:38:09'),
(98, 4, 'logout', 'auth', 'Admin logout dari sistem', '2026-04-17 21:42:04', '2026-04-17 21:42:04'),
(99, 4, 'login', 'auth', 'Admin berhasil login ke sistem', '2026-04-19 12:00:06', '2026-04-19 12:00:06'),
(100, 4, 'logout', 'auth', 'Admin logout dari sistem', '2026-04-19 12:07:04', '2026-04-19 12:07:04');
INSERT INTO `barangs` (`id`, `nama_barang`, `created_at`, `updated_at`, `kategori_id`, `stok`) VALUES
(1, 'laptop', '2026-03-19 04:02:45', '2026-04-08 19:00:28', 7, 40),
(2, 'Proyektor', '2026-03-19 04:14:42', '2026-04-19 12:24:21', 7, 9),
(3, 'PC', '2026-03-19 04:15:08', '2026-04-08 19:00:33', 7, 49),
(4, 'Speaker', '2026-03-19 04:15:30', '2026-04-08 18:56:42', 6, 10),
(5, 'Keyboard', '2026-03-19 04:15:45', '2026-04-08 19:00:18', 6, 40),
(6, 'Mouse', '2026-03-19 04:15:56', '2026-04-16 13:21:07', 6, 55),
(10, 'Sapu Lidi', '2026-03-25 08:31:00', '2026-04-08 19:00:23', 9, 10),
(11, 'pelan', '2026-04-05 14:34:18', '2026-04-05 14:34:33', 9, 6),
(12, 'hardisk external', '2026-04-06 02:17:54', '2026-04-16 13:21:12', 11, 5);





INSERT INTO `kategoris` (`id`, `nama`, `created_at`, `updated_at`, `jumlah`) VALUES
(6, 'Perangkat Pendukung', '2026-03-19 00:49:02', '2026-03-19 00:49:02', 0),
(7, 'Perangkat  Elektronik', '2026-03-19 01:45:52', '2026-03-19 01:45:52', 0),
(9, 'Alat Kebersihan', '2026-03-25 08:30:10', '2026-03-25 08:30:10', 0),
(11, 'hardware', '2026-04-06 02:17:21', '2026-04-06 02:17:21', 0);
INSERT INTO `migrations` (`id`, `migration`, `batch`) VALUES
(1, '0001_01_01_000000_create_users_table', 1),
(2, '0001_01_01_000001_create_cache_table', 1),
(3, '0001_01_01_000002_create_jobs_table', 1),
(4, '2026_02_07_060513_add_role_to_users_table', 1),
(5, '2026_02_07_140000_create_barangs_table', 1),
(6, '2026_02_07_151550_create_peminjamen_table', 1),
(7, '2026_02_08_080258_create_admin_activities_table', 1),
(8, '2026_02_08_145210_create_kategoris_table', 1),
(9, '2026_02_09_100721_add_tanggal_kembali_to_peminjamen_table', 2),
(10, '2026_03_19_013727_add_kategori_id_to_barangs_table', 3),
(11, '2026_03_19_045400_add_stok_to_barangs_table', 4),
(12, '2026_03_24_180814_create_petugas_activities_table', 5),
(13, '2026_03_25_085521_create_peminjam_activities_table', 6),
(14, '2026_04_07_103620_add_jumlah_to_peminjamans_table', 7);

INSERT INTO `peminjam_activities` (`id`, `peminjam_id`, `action`, `model`, `description`, `created_at`, `updated_at`) VALUES
(1, 6, 'logout', 'auth', 'Peminjam logout dari sistem', '2026-03-25 10:19:40', '2026-03-25 10:19:40'),
(2, 6, 'login', 'auth', 'Peminjam berhasil login ke sistem', '2026-03-25 10:19:48', '2026-03-25 10:19:48'),
(3, 6, 'login', 'auth', 'Peminjam berhasil login ke sistem', '2026-03-25 21:52:58', '2026-03-25 21:52:58'),
(4, 6, 'login', 'auth', 'Peminjam berhasil login ke sistem', '2026-04-05 13:41:08', '2026-04-05 13:41:08'),
(5, 6, 'login', 'auth', 'Peminjam berhasil login ke sistem', '2026-04-05 14:36:58', '2026-04-05 14:36:58'),
(6, 6, 'logout', 'auth', 'Peminjam logout dari sistem', '2026-04-05 14:40:17', '2026-04-05 14:40:17'),
(7, 6, 'login', 'auth', 'Peminjam berhasil login ke sistem', '2026-04-05 15:01:38', '2026-04-05 15:01:38'),
(8, 6, 'logout', 'auth', 'Peminjam logout dari sistem', '2026-04-05 15:02:14', '2026-04-05 15:02:14'),
(9, 6, 'login', 'auth', 'Peminjam berhasil login ke sistem', '2026-04-06 02:18:27', '2026-04-06 02:18:27'),
(10, 6, 'logout', 'auth', 'Peminjam logout dari sistem', '2026-04-06 02:26:34', '2026-04-06 02:26:34'),
(11, 6, 'login', 'auth', 'Peminjam berhasil login ke sistem', '2026-04-06 20:58:35', '2026-04-06 20:58:35'),
(12, 6, 'logout', 'auth', 'Peminjam logout dari sistem', '2026-04-06 22:23:10', '2026-04-06 22:23:10'),
(13, 6, 'login', 'auth', 'Peminjam berhasil login ke sistem', '2026-04-06 22:23:29', '2026-04-06 22:23:29'),
(14, 6, 'logout', 'auth', 'Peminjam logout dari sistem', '2026-04-06 22:24:19', '2026-04-06 22:24:19'),
(15, 6, 'login', 'auth', 'Peminjam berhasil login ke sistem', '2026-04-07 07:58:23', '2026-04-07 07:58:23'),
(16, 6, 'logout', 'auth', 'Peminjam logout dari sistem', '2026-04-07 08:12:31', '2026-04-07 08:12:31'),
(17, 6, 'login', 'auth', 'Peminjam berhasil login ke sistem', '2026-04-07 08:14:00', '2026-04-07 08:14:00'),
(18, 6, 'logout', 'auth', 'Peminjam logout dari sistem', '2026-04-07 08:32:48', '2026-04-07 08:32:48'),
(19, 6, 'login', 'auth', 'Peminjam berhasil login ke sistem', '2026-04-07 09:42:35', '2026-04-07 09:42:35'),
(20, 6, 'logout', 'auth', 'Peminjam logout dari sistem', '2026-04-07 09:44:16', '2026-04-07 09:44:16'),
(21, 6, 'login', 'auth', 'Peminjam berhasil login ke sistem', '2026-04-07 09:51:05', '2026-04-07 09:51:05'),
(22, 6, 'logout', 'auth', 'Peminjam logout dari sistem', '2026-04-07 10:40:41', '2026-04-07 10:40:41'),
(23, 6, 'login', 'auth', 'Peminjam berhasil login ke sistem', '2026-04-07 10:41:25', '2026-04-07 10:41:25'),
(24, 6, 'login', 'auth', 'Peminjam berhasil login ke sistem', '2026-04-07 17:43:19', '2026-04-07 17:43:19'),
(25, 6, 'logout', 'auth', 'Peminjam logout dari sistem', '2026-04-07 18:49:14', '2026-04-07 18:49:14'),
(26, 6, 'login', 'auth', 'Peminjam berhasil login ke sistem', '2026-04-07 18:52:27', '2026-04-07 18:52:27'),
(27, 6, 'login', 'auth', 'Peminjam berhasil login ke sistem', '2026-04-08 10:06:59', '2026-04-08 10:06:59'),
(28, 6, 'login', 'auth', 'Peminjam berhasil login ke sistem', '2026-04-08 18:22:43', '2026-04-08 18:22:43'),
(29, 6, 'logout', 'auth', 'Peminjam logout dari sistem', '2026-04-08 19:01:02', '2026-04-08 19:01:02'),
(30, 6, 'login', 'auth', 'Peminjam berhasil login ke sistem', '2026-04-09 08:04:46', '2026-04-09 08:04:46'),
(31, 6, 'login', 'auth', 'Peminjam berhasil login ke sistem', '2026-04-15 21:20:21', '2026-04-15 21:20:21'),
(32, 6, 'logout', 'auth', 'Peminjam logout dari sistem', '2026-04-15 21:21:46', '2026-04-15 21:21:46'),
(33, 6, 'login', 'auth', 'Peminjam berhasil login ke sistem', '2026-04-16 06:28:55', '2026-04-16 06:28:55'),
(34, 6, 'login', 'auth', 'Peminjam berhasil login ke sistem', '2026-04-16 08:34:15', '2026-04-16 08:34:15'),
(35, 6, 'logout', 'auth', 'Peminjam logout dari sistem', '2026-04-16 09:44:03', '2026-04-16 09:44:03'),
(36, 6, 'login', 'auth', 'Peminjam berhasil login ke sistem', '2026-04-16 13:13:14', '2026-04-16 13:13:14'),
(37, 6, 'login', 'auth', 'Peminjam berhasil login ke sistem', '2026-04-17 20:17:20', '2026-04-17 20:17:20'),
(38, 6, 'logout', 'auth', 'Peminjam logout dari sistem', '2026-04-17 20:42:27', '2026-04-17 20:42:27'),
(39, 6, 'login', 'auth', 'Peminjam berhasil login ke sistem', '2026-04-17 21:18:44', '2026-04-17 21:18:44'),
(40, 6, 'logout', 'auth', 'Peminjam logout dari sistem', '2026-04-17 21:38:02', '2026-04-17 21:38:02'),
(41, 6, 'login', 'auth', 'Peminjam berhasil login ke sistem', '2026-04-19 12:18:40', '2026-04-19 12:18:40');
INSERT INTO `peminjamen` (`id`, `user_id`, `nama_peminjam`, `barang`, `jumlah`, `tanggal_pinjam`, `jatuh_tempo`, `tanggal_kembali`, `status`, `created_at`, `updated_at`) VALUES
(1, 0, 'Zakie', 'Proyektor', 1, '2026-02-09', '2026-02-09', '2026-02-09', 'kembali', '2026-02-09 06:03:06', '2026-02-09 13:08:30'),
(4, 0, 'Rian', 'Laptop', 1, '2026-02-10', '2026-02-11', '2026-04-06', 'kembali', '2026-02-09 06:05:56', '2026-04-06 22:03:00'),
(6, 0, 'Kirana', 'Proyektor', 1, '2026-02-09', '2026-02-09', '2026-02-09', 'kembali', '2026-02-09 10:53:12', '2026-02-09 11:54:20'),
(7, 0, 'Rahma', 'Laptop', 1, '2026-02-10', '2026-02-11', '2026-02-09', 'kembali', '2026-02-09 12:05:05', '2026-02-09 12:55:21'),
(9, 0, 'Tiara', 'Laptop', 1, '2026-02-09', '2026-02-10', '2026-02-11', 'terlambat', '2026-02-11 07:15:53', '2026-02-11 07:16:59'),
(10, 0, 'Nisa', 'Proyektor', 1, '2026-02-08', '2026-02-09', '2026-02-11', 'terlambat', '2026-02-11 07:20:44', '2026-02-11 07:20:59'),
(11, 0, 'Annisa', 'Laptop', 1, '2026-02-11', '2026-02-11', '2026-02-11', 'kembali', '2026-02-11 23:43:38', '2026-02-11 23:43:56'),
(12, 0, 'Diaz', 'Mouse', 1, '2026-03-19', '2026-03-19', '2026-03-19', 'kembali', '2026-03-19 05:17:33', '2026-03-19 05:19:06'),
(13, 0, 'Bianza', 'laptop', 1, '2026-03-24', '2026-03-25', NULL, 'dipinjam', '2026-03-24 15:51:04', '2026-03-24 15:51:04'),
(14, 0, 'Windi', 'Speaker', 1, '2026-03-24', '2026-03-25', '2026-03-25', 'kembali', '2026-03-24 17:42:38', '2026-03-25 08:34:03'),
(15, 0, 'Nurul', 'pelan', 1, '2026-04-05', '2026-04-05', '2026-04-05', 'kembali', '2026-04-05 14:39:38', '2026-04-05 15:01:55'),
(17, 0, 'nadira', 'laptop', 1, '2026-04-05', '2026-04-06', '2026-04-06', 'kembali', '2026-04-06 02:22:10', '2026-04-06 20:59:06'),
(18, 0, 'sylpiana', 'laptop', 1, '2026-04-06', '2026-04-06', '2026-04-06', 'kembali', '2026-04-06 02:23:09', '2026-04-06 20:59:00'),
(19, 0, 'kia', 'Proyektor', 1, '2026-04-07', '2026-04-07', '2026-04-07', 'kembali', '2026-04-07 08:15:20', '2026-04-07 08:30:46'),
(20, 0, 'Ella', 'PC', 1, '2026-04-07', '2026-04-07', '2026-04-07', 'kembali', '2026-04-07 08:29:22', '2026-04-07 08:30:41'),
(21, 0, 'Maya', 'Proyektor', 1, '2026-04-07', '2026-04-07', '2026-04-07', 'kembali', '2026-04-07 08:30:18', '2026-04-07 08:30:37'),
(22, 6, 'Peminjam', 'laptop', 5, '2026-04-07', '2026-04-08', '2026-04-07', 'kembali', '2026-04-07 20:06:07', '2026-04-07 20:30:57'),
(23, 6, 'Peminjam', 'Proyektor', 1, '2026-04-07', '2026-04-07', '2026-04-08', 'kembali', '2026-04-07 20:30:17', '2026-04-08 10:17:15'),
(24, 6, 'Peminjam', 'PC', 4, '2026-04-05', '2026-04-06', '2026-04-08', 'kembali', '2026-04-07 20:31:53', '2026-04-08 10:15:40'),
(25, 6, 'Peminjam', 'Speaker', 2, '2026-04-08', '2026-04-09', '2026-04-08', 'kembali', '2026-04-08 10:07:31', '2026-04-08 18:56:42'),
(26, 6, 'Peminjam', 'laptop', 5, '2026-04-08', '2026-04-09', '2026-04-08', 'kembali', '2026-04-08 11:39:53', '2026-04-08 18:24:07'),
(27, 6, 'Peminjam', 'laptop', 1, '2026-04-08', '2026-04-08', '2026-04-08', 'kembali', '2026-04-08 11:40:09', '2026-04-08 18:23:08'),
(28, 6, 'Peminjam', 'laptop', 3, '2026-04-09', '2026-04-10', '2026-04-08', 'kembali', '2026-04-08 18:54:28', '2026-04-08 19:00:28'),
(29, 6, 'Peminjam', 'PC', 3, '2026-04-10', '2026-04-11', '2026-04-08', 'kembali', '2026-04-08 18:54:55', '2026-04-08 19:00:33'),
(30, 6, 'Peminjam', 'Mouse', 5, '2026-04-12', '2026-04-13', '2026-04-16', 'kembali', '2026-04-08 18:55:22', '2026-04-16 13:21:06'),
(31, 6, 'Peminjam', 'hardisk external', 1, '2026-04-14', '2026-04-15', '2026-04-16', 'kembali', '2026-04-08 18:55:49', '2026-04-16 13:21:12'),
(32, 6, 'Peminjam', 'Sapu Lidi', 2, '2026-04-16', '2026-04-17', '2026-04-08', 'kembali', '2026-04-08 18:58:04', '2026-04-08 19:00:22'),
(33, 6, 'Peminjam', 'Keyboard', 5, '2026-04-17', '2026-04-18', '2026-04-08', 'kembali', '2026-04-08 18:58:31', '2026-04-08 19:00:18'),
(34, 6, 'Peminjam', 'Proyektor', 2, '2026-04-19', '2026-04-19', '2026-04-19', 'kembali', '2026-04-19 12:21:09', '2026-04-19 12:24:21');
INSERT INTO `petugas_activities` (`id`, `petugas_id`, `action`, `model`, `description`, `created_at`, `updated_at`) VALUES
(1, 5, 'logout', 'auth', 'Petugas logout dari sistem', '2026-03-25 06:36:08', '2026-03-25 06:36:08'),
(2, 5, 'login', 'auth', 'Petugas berhasil login ke sistem', '2026-03-25 06:36:16', '2026-03-25 06:36:16'),
(3, 5, 'logout', 'auth', 'Petugas logout dari sistem', '2026-03-25 08:32:55', '2026-03-25 08:32:55'),
(4, 5, 'login', 'auth', 'Petugas berhasil login ke sistem', '2026-03-25 21:42:03', '2026-03-25 21:42:03'),
(5, 5, 'logout', 'auth', 'Petugas logout dari sistem', '2026-03-25 21:52:49', '2026-03-25 21:52:49'),
(6, 5, 'login', 'auth', 'Petugas berhasil login ke sistem', '2026-04-05 13:39:41', '2026-04-05 13:39:41'),
(7, 5, 'login', 'auth', 'Petugas berhasil login ke sistem', '2026-04-05 14:33:33', '2026-04-05 14:33:33'),
(8, 5, 'logout', 'auth', 'Petugas logout dari sistem', '2026-04-05 14:36:51', '2026-04-05 14:36:51'),
(9, 5, 'login', 'auth', 'Petugas berhasil login ke sistem', '2026-04-05 14:40:24', '2026-04-05 14:40:24'),
(10, 5, 'logout', 'auth', 'Petugas logout dari sistem', '2026-04-05 15:01:31', '2026-04-05 15:01:31'),
(11, 5, 'login', 'auth', 'Petugas berhasil login ke sistem', '2026-04-05 15:02:20', '2026-04-05 15:02:20'),
(12, 5, 'logout', 'auth', 'Petugas logout dari sistem', '2026-04-05 15:03:30', '2026-04-05 15:03:30'),
(13, 5, 'login', 'auth', 'Petugas berhasil login ke sistem', '2026-04-06 02:26:44', '2026-04-06 02:26:44'),
(14, 5, 'login', 'auth', 'Petugas berhasil login ke sistem', '2026-04-17 20:52:47', '2026-04-17 20:52:47'),
(15, 5, 'logout', 'auth', 'Petugas logout dari sistem', '2026-04-17 21:02:45', '2026-04-17 21:02:45'),
(16, 5, 'login', 'auth', 'Petugas berhasil login ke sistem', '2026-04-17 21:42:18', '2026-04-17 21:42:18');
INSERT INTO `sessions` (`id`, `user_id`, `ip_address`, `user_agent`, `payload`, `last_activity`) VALUES
('9QRmJy1eVC4UluHBJfmOvtF7rrkjHbow6kJiCepW', NULL, '127.0.0.1', 'Mozilla/5.0 (Windows NT 10.0; Win64; x64) AppleWebKit/537.36 (KHTML, like Gecko) Chrome/147.0.0.0 Safari/537.36 Edg/147.0.0.0', 'YTozOntzOjY6Il90b2tlbiI7czo0MDoiWWVYbXlLbFhXckdxeUczSDlvWm5GZEFQdW5QVElPdUt0RXJ6Y0t1biI7czo5OiJfcHJldmlvdXMiO2E6Mjp7czozOiJ1cmwiO3M6NDE6Imh0dHA6Ly9sYXJhdmVsLXBlbWluamFtYW4tYWxhdC50ZXN0L2xvZ2luIjtzOjU6InJvdXRlIjtzOjU6ImxvZ2luIjt9czo2OiJfZmxhc2giO2E6Mjp7czozOiJvbGQiO2E6MDp7fXM6MzoibmV3IjthOjA6e319fQ==', 1776574602),
('IVy5vJ2A0l0Kr4XT6i0KMlueT5TQXvverZNrUYLV', 5, '127.0.0.1', 'Mozilla/5.0 (Windows NT 10.0; Win64; x64) AppleWebKit/537.36 (KHTML, like Gecko) Chrome/147.0.0.0 Safari/537.36 Edg/147.0.0.0', 'YTo0OntzOjY6Il90b2tlbiI7czo0MDoiMjV5YmlCWVl6U2lUeVlZMkZLQ2J5TE9qOWhPdUp3T0VwMGpqM2VQUiI7czo2OiJfZmxhc2giO2E6Mjp7czozOiJuZXciO2E6MDp7fXM6Mzoib2xkIjthOjA6e319czo5OiJfcHJldmlvdXMiO2E6Mjp7czozOiJ1cmwiO3M6NTY6Imh0dHA6Ly9sYXJhdmVsLXBlbWluamFtYW4tYWxhdC50ZXN0L3BldHVnYXMvcGVuZ2VtYmFsaWFuIjtzOjU6InJvdXRlIjtzOjI2OiJwZXR1Z2FzLnBlbmdlbWJhbGlhbi5pbmRleCI7fXM6NTA6ImxvZ2luX3dlYl81OWJhMzZhZGRjMmIyZjk0MDE1ODBmMDE0YzdmNThlYTRlMzA5ODlkIjtpOjU7fQ==', 1776437917),
('JY44L7n6zVOFqAATXjnbUYTOO70VMasZK4IRNRCl', 6, '127.0.0.1', 'Mozilla/5.0 (Windows NT 10.0; Win64; x64) AppleWebKit/537.36 (KHTML, like Gecko) Chrome/147.0.0.0 Safari/537.36 Edg/147.0.0.0', 'YTo0OntzOjY6Il90b2tlbiI7czo0MDoiSUliYkYyOW1SNEZRaEM2N0tpdXRaUTNIeWtUV1V6V3NJc3hha1JHbiI7czo2OiJfZmxhc2giO2E6Mjp7czozOiJuZXciO2E6MDp7fXM6Mzoib2xkIjthOjA6e319czo5OiJfcHJldmlvdXMiO2E6Mjp7czozOiJ1cmwiO3M6NTc6Imh0dHA6Ly9sYXJhdmVsLXBlbWluamFtYW4tYWxhdC50ZXN0L3BlbWluamFtL3BlbmdlbWJhbGlhbiI7czo1OiJyb3V0ZSI7czoyNzoicGVtaW5qYW0ucGVuZ2VtYmFsaWFuLmluZGV4Ijt9czo1MDoibG9naW5fd2ViXzU5YmEzNmFkZGMyYjJmOTQwMTU4MGYwMTRjN2Y1OGVhNGUzMDk4OWQiO2k6Njt9', 1776576319),
('tTBOYKRUCSe8TatN8kpuwtZuIuhcFZKYR5hoLNPF', NULL, '127.0.0.1', 'Mozilla/5.0 (Windows NT 10.0; Win64; x64) AppleWebKit/537.36 (KHTML, like Gecko) Chrome/147.0.0.0 Safari/537.36 Edg/147.0.0.0', 'YTozOntzOjY6Il90b2tlbiI7czo0MDoibGc5QVpHTjZOTVZxZXp4NEdnS2NJQVBGOGhQR05MZjMycmRZaDRsZyI7czo5OiJfcHJldmlvdXMiO2E6Mjp7czozOiJ1cmwiO3M6NDE6Imh0dHA6Ly9sYXJhdmVsLXBlbWluamFtYW4tYWxhdC50ZXN0L2xvZ2luIjtzOjU6InJvdXRlIjtzOjU6ImxvZ2luIjt9czo2OiJfZmxhc2giO2E6Mjp7czozOiJvbGQiO2E6MDp7fXM6MzoibmV3IjthOjA6e319fQ==', 1776591933);
INSERT INTO `users` (`id`, `name`, `email`, `email_verified_at`, `password`, `remember_token`, `created_at`, `updated_at`, `role`) VALUES
(4, 'Admin', 'admin@gmail.com', NULL, '$2y$12$YJ8GSLG/ub40xG.5nlYY1.wwzP/dPK5qLTjfAhfDCgAt4a/N/vJf.', NULL, '2026-02-09 16:48:39', '2026-02-09 16:48:39', 'admin'),
(5, 'Petugas', 'petugas@gmail.com', NULL, '$2y$12$LVvXBcDZfr8odF/7ePTgaOuCgd.K0fssJc.JkwSNri2I/v75IPON2', NULL, '2026-02-09 18:24:28', '2026-02-09 18:24:28', 'petugas'),
(6, 'Peminjam', 'peminjam@gmail.com', NULL, '$2y$12$Ttjy2iZDo9T.24UgMOavs.2AZYAUeKGUGVFVV1AJAEvsYIUQC1GfO', NULL, '2026-02-09 18:29:01', '2026-02-09 18:29:01', 'peminjam'),
(9, 'Diah Pungki Oktaviani', 'diah@gmail.com', NULL, '$2y$12$nD5tR9UKxz8XsdfXUTdbfe/vEVLRKlR7cnRICewKq3jau76G3z6Wu', NULL, '2026-04-06 02:13:11', '2026-04-06 02:13:11', 'Admin');


/*!40101 SET SQL_MODE=@OLD_SQL_MODE */;
/*!40014 SET FOREIGN_KEY_CHECKS=@OLD_FOREIGN_KEY_CHECKS */;
/*!40014 SET UNIQUE_CHECKS=@OLD_UNIQUE_CHECKS */;
/*!40101 SET CHARACTER_SET_CLIENT=@OLD_CHARACTER_SET_CLIENT */;
/*!40101 SET CHARACTER_SET_RESULTS=@OLD_CHARACTER_SET_RESULTS */;
/*!40101 SET COLLATION_CONNECTION=@OLD_COLLATION_CONNECTION */;
/*!40111 SET SQL_NOTES=@OLD_SQL_NOTES */;